"Genus","logFC","SE","W","p_value","FDR","Differential","Passed_SS","Robust"
"Klebsiella",3.50237903909434,0.381282463702755,9.18578579534351,2.10842267241769e-11,2.19275957931439e-09,TRUE,FALSE,FALSE
"Enterococcus",2.86654967030926,0.270551805245363,10.5951969816264,3.64211674534229e-09,1.89390070757799e-07,TRUE,FALSE,FALSE
"Clostridium sensu stricto 1",2.94876073217102,0.26611918582676,11.0806018100875,6.47074413458417e-09,2.24319129998918e-07,TRUE,FALSE,FALSE
"Sphingomonas",1.85098241447211,0.20675098837191,8.95271374056267,1.96476021020658e-08,4.0867012372297e-07,TRUE,FALSE,FALSE
"Escherichia-Shigella",3.2525795869793,0.515522424281519,6.30928827492306,1.77367512596621e-08,4.0867012372297e-07,TRUE,FALSE,FALSE
"Enterobacter",2.4747775804305,0.307925826473951,8.0369276223729,1.56504198687129e-07,2.71273944391024e-06,TRUE,FALSE,FALSE
"Rikenellaceae RC9 gut group",-1.6332004442173,0.186648287837022,-8.75014961639176,5.32620283253565e-06,7.91321563691011e-05,TRUE,FALSE,FALSE
"Ligilactobacillus",-1.76551231418555,0.270797537778966,-6.51967639242949,9.69352944019563e-06,0.000126015882722543,TRUE,FALSE,FALSE
"Family XIII UCG-001",-0.910355646825012,0.190284360892019,-4.78418532430846,9.99268291828341e-05,0.00115471002611275,TRUE,FALSE,FALSE
"Carnobacterium",0.892147565938139,0.176585892802792,5.05220180263478,0.000143157441572134,0.00148883739235019,TRUE,FALSE,FALSE
"Cryptobacterium",0.918517569045607,0.189038713439267,4.85888605743553,0.000208419527742751,0.00194752137041814,TRUE,FALSE,FALSE
"Cardiobacterium",0.917533348095519,0.22824789469492,4.01989840616891,0.000224714004279016,0.00194752137041814,TRUE,FALSE,FALSE
"Mobiluncus",0.886313707833215,0.17914101931425,4.94757544210708,0.000337754610075778,0.00270203688060623,TRUE,FALSE,FALSE
"Bradyrhizobium",-0.935274395054193,0.228323500312512,-4.09626864415647,0.000561704408829419,0.00417266132273283,TRUE,FALSE,FALSE
"Bacillus",0.755531813005885,0.205771235572388,3.67170761697689,0.000967780543788495,0.00670994510360023,TRUE,FALSE,FALSE
"[Eubacterium] saphenum group",0.745208381935741,0.179264826851091,4.1570250842055,0.00132982722950017,0.00864387699175108,TRUE,FALSE,FALSE
"Treponema",-0.913909494684059,0.271126632143988,-3.37078466787692,0.00148743142914249,0.00909958050769523,TRUE,FALSE,FALSE
"Parascardovia",-0.716299912877768,0.193494624476768,-3.70191117616175,0.00236834223582879,0.0136837551403441,TRUE,FALSE,FALSE
"Defluviitaleaceae UCG-011",0.555393359430422,0.170891123089491,3.24998367024352,0.00632843225487182,0.0346398397108773,TRUE,FALSE,FALSE
"HT002",0.852220983326368,0.310478911867651,2.74485947596224,0.00894405585501213,0.0465090904460631,TRUE,FALSE,FALSE
"Burkholderia-Caballeronia-Paraburkholderia",-0.537114491097514,0.17687525509993,-3.03668532262503,0.011313385626487,0.0560281954835549,FALSE,TRUE,FALSE
"Mycobacterium",0.529777437931902,0.185015759232684,2.86341790628565,0.0168578475023589,0.0779519087461391,FALSE,TRUE,FALSE
"Romboutsia",-0.637782750172546,0.230976564284101,-2.76124442386316,0.0172393644342423,0.0779519087461391,FALSE,TRUE,FALSE
"Butyrivibrio",0.447445584124611,0.174820718012621,2.55945398927092,0.025026647317205,0.108448805041222,FALSE,TRUE,FALSE
"Filifactor",0.450530605340596,0.191875853304747,2.34803180067187,0.0282733190191891,0.117617007119827,FALSE,TRUE,FALSE
"F0058",0.512131848393886,0.237806874272949,2.15356200261089,0.038453556524633,0.148745301174134,FALSE,TRUE,FALSE
"Staphylococcus",-0.541199154716107,0.254005033271215,-2.13066311224722,0.0386165685740539,0.148745301174134,FALSE,TRUE,FALSE
"Erysipelotrichaceae UCG-006",0.42204344669896,0.189527455161389,2.22681957260268,0.040670856870113,0.15106318266042,FALSE,TRUE,FALSE
"Cupriavidus",-0.434890881128092,0.19457756533366,-2.23505150957329,0.0435932534426266,0.156334426139075,FALSE,TRUE,FALSE
"Scardovia",-0.450460515377033,0.221929899504373,-2.02974234829569,0.050766668204484,0.170313983653753,FALSE,TRUE,FALSE
"Delftia",-0.407210211646887,0.197164838136566,-2.06532876498411,0.0494068328536979,0.170313983653753,FALSE,TRUE,FALSE
"Rothia",0.692179774581061,0.358866026039,1.92879716762555,0.0561578230073243,0.171776870375345,FALSE,TRUE,FALSE
"Limosilactobacillus",-0.574719678930797,0.290412313594331,-1.97897834226688,0.0559636237965383,0.171776870375345,FALSE,TRUE,FALSE
"Serratia",-0.442843770874978,0.206409944772927,-2.1454575328827,0.0530718281151012,0.171776870375345,FALSE,TRUE,FALSE
"Alloprevotella",-0.58977730371226,0.330378907363072,-1.78515422918365,0.077605229303465,0.230598395644582,FALSE,TRUE,FALSE
"Pelomonas",0.341328926727313,0.188833981280515,1.8075609295144,0.100802452948348,0.291207086295229,FALSE,TRUE,FALSE
"Selenomonas",0.427166255275805,0.273220932128396,1.56344629947702,0.121308160724871,0.340974289605042,FALSE,TRUE,FALSE
"Kingella",0.412784837066792,0.269153932512476,1.53363851389263,0.129971886691988,0.355712531999126,FALSE,TRUE,FALSE
"F0332",0.323259402710023,0.212840152872626,1.51878956271694,0.135375264466392,0.358368818125054,FALSE,TRUE,FALSE
"Neisseria",-0.615414096538458,0.411502617729447,-1.4955289954998,0.137834160817328,0.358368818125054,FALSE,TRUE,FALSE
"Anaeroglobus",-0.381990826134669,0.258406220123809,-1.47825708665855,0.145738755801092,0.36967879520277,FALSE,TRUE,FALSE
"Gemella",-0.455361523615269,0.326177826627963,-1.39605297000967,0.165319521043518,0.399842562523857,FALSE,TRUE,FALSE
"Pseudomonas",0.551854987747976,0.392723587898495,1.40519949591266,0.164322474813843,0.399842562523857,FALSE,TRUE,FALSE
"Yersinia",0.29547894435234,0.22171117772347,1.33272010633978,0.189642861836092,0.448246764339853,FALSE,TRUE,FALSE
"Peptostreptococcus",-0.406334333538448,0.321259892860857,-1.26481500669129,0.20960975711187,0.484431438658545,FALSE,TRUE,FALSE
"Mogibacterium",0.269693358434762,0.217495133545167,1.23999720839159,0.218513143212784,0.494029715089773,FALSE,TRUE,FALSE
"[Eubacterium] yurii group",-0.22386043842567,0.185185836866743,-1.20884211348602,0.236833036752221,0.524056081324064,FALSE,TRUE,FALSE
"Candidatus Saccharimonas",-0.346406662762527,0.296753433313937,-1.16732149951593,0.246591856943652,0.534282356711246,FALSE,TRUE,FALSE
"Fretibacterium",-0.229610173871369,0.206000806978513,-1.11460812818718,0.274170751081965,0.581913430867845,FALSE,TRUE,FALSE
"Corynebacterium",-0.288344176203329,0.273690143470736,-1.05354242044219,0.29485159115117,0.601265989798465,FALSE,TRUE,FALSE
"Veillonella",0.253901905479388,0.240044578060663,1.05772814170884,0.292339948443691,0.601265989798465,FALSE,TRUE,FALSE
"Bacteroides",-0.191887422092862,0.191784198952752,-1.00053822546734,0.336799140658097,0.645381013283406,FALSE,TRUE,FALSE
"Capnocytophaga",0.269388498292943,0.281387424308909,0.957357987673275,0.341307266640263,0.645381013283406,FALSE,TRUE,FALSE
"Mycoplasma",0.256628717645178,0.254602802012742,1.00795716157254,0.324948734051262,0.645381013283406,FALSE,TRUE,FALSE
"Johnsonella",-0.283042684534734,0.294737340367157,-0.960321770503003,0.340246473995074,0.645381013283406,FALSE,TRUE,FALSE
"Stomatobaculum",0.280042497010125,0.306503177096501,0.913669149086682,0.363088391520885,0.674307012824501,FALSE,TRUE,FALSE
"Bergeyella",-0.222567356961898,0.272224995622304,-0.817586042946244,0.416183396872857,0.716313008253664,FALSE,TRUE,FALSE
"Bulleidia",0.159552908042808,0.190465795307524,0.837698484314178,0.410820916351879,0.716313008253664,FALSE,TRUE,FALSE
"Howardella",-0.159825136943908,0.198393851422239,-0.805595212745551,0.427032754920454,0.716313008253664,FALSE,TRUE,FALSE
"Dialister",0.232416385411102,0.279538902217049,0.831427695994319,0.408034613113702,0.716313008253664,FALSE,TRUE,FALSE
"Lautropia",-0.199089311520161,0.245191318223194,-0.811975370754899,0.42098786238707,0.716313008253664,FALSE,TRUE,FALSE
"Undibacterium",-0.21867951701521,0.25453919215605,-0.859119238820969,0.393012348913546,0.716313008253664,FALSE,TRUE,FALSE
"Campylobacter",0.248073925756778,0.321450983132076,0.771731737572103,0.442340796203989,0.728461946937502,FALSE,TRUE,FALSE
"Methylobacterium-Methylorubrum",0.178897820985945,0.232612337442612,0.769081395048879,0.448284275038463,0.728461946937502,FALSE,TRUE,FALSE
"Pseudopropionibacterium",-0.138417864227905,0.187803696710158,-0.737034822277906,0.465877782904864,0.734110445789482,FALSE,TRUE,FALSE
"Centipeda",0.169371747558091,0.227782688455763,0.743567251340892,0.460550282042737,0.734110445789482,FALSE,TRUE,FALSE
"Slackia",0.133010519689558,0.190396011641017,0.698599295978653,0.490564693588703,0.750275413723898,FALSE,TRUE,FALSE
"Rahnella1",-0.14268474332783,0.200749583962487,-0.710759845731447,0.484083640068773,0.750275413723898,FALSE,TRUE,FALSE
"Tannerella",0.139388568291753,0.242191730434506,0.575529841756702,0.567159322680542,0.781138138238965,FALSE,TRUE,FALSE
"Helicobacter",-0.167459474857926,0.264357573434159,-0.633458208450509,0.540650833219873,0.781138138238965,FALSE,TRUE,FALSE
"Solobacterium",-0.191260613761916,0.299912143403021,-0.637722139529713,0.524991968321048,0.781138138238965,FALSE,TRUE,FALSE
"Lactobacillus",0.240737140960659,0.422111183582637,0.570316898304899,0.570491270043452,0.781138138238965,FALSE,TRUE,FALSE
"[Eubacterium] brachy group",0.153751611594504,0.253383431233559,0.606794259774554,0.54623936204501,0.781138138238965,FALSE,TRUE,FALSE
"Megasphaera",0.185425163105748,0.300802818447749,0.616434261030559,0.538967997990006,0.781138138238965,FALSE,TRUE,FALSE
"TM7x",-0.178062929858411,0.319330816601723,-0.557612734509414,0.57834266004231,0.781138138238965,FALSE,TRUE,FALSE
"Conservatibacter",0.109734626585693,0.182579343045956,0.601024325945091,0.560004704243169,0.781138138238965,FALSE,TRUE,FALSE
"Stenotrophomonas",-0.127573491469509,0.224054006029025,-0.569387237168983,0.575763794072041,0.781138138238965,FALSE,TRUE,FALSE
"Lachnoanaerobaculum",0.146089388441777,0.286847545348081,0.509292796159375,0.611625929215166,0.815501238953555,FALSE,TRUE,FALSE
"Shuttleworthia",-0.105856006352621,0.217751420168871,-0.486132335075136,0.630795689104261,0.820034395835539,FALSE,TRUE,FALSE
"Haemophilus",0.184986226852197,0.378194075827087,0.489130419210412,0.625732175668887,0.820034395835539,FALSE,TRUE,FALSE
"Lacticaseibacillus",0.107428332775576,0.228075824277612,0.471020254408091,0.643613895400531,0.826368458292039,FALSE,TRUE,FALSE
"Actinomyces",0.120491245983704,0.305010561302296,0.395039586397419,0.693526860029375,0.829043602793735,FALSE,TRUE,FALSE
"Prevotella_7",0.169112956734515,0.384594501959834,0.439717561932741,0.661004379332094,0.829043602793735,FALSE,TRUE,FALSE
"Abiotrophia",-0.104967884689708,0.240250879295445,-0.436909471455567,0.663561313215673,0.829043602793735,FALSE,TRUE,FALSE
"Granulicatella",0.127630455266327,0.307150796266861,0.415530276390486,0.678508406731902,0.829043602793735,FALSE,TRUE,FALSE
"Catonella",0.12808988466043,0.304063403129092,0.421260445493498,0.674506602554877,0.829043602793735,FALSE,TRUE,FALSE
"Aggregatibacter",-0.107176135594699,0.26903317423046,-0.398375166561763,0.692196768675704,0.829043602793735,FALSE,TRUE,FALSE
"Bifidobacterium",-0.11584813388529,0.305464327481353,-0.379252578657854,0.705960621515989,0.83431709815526,FALSE,TRUE,FALSE
"Prevotella",-0.12513307105243,0.343762582084866,-0.364010155769478,0.716596583732962,0.837371288856495,FALSE,TRUE,FALSE
"Eikenella",-0.0833435603212103,0.243479506491641,-0.342302157262141,0.733428176154097,0.847517003555845,FALSE,TRUE,FALSE
"Parvimonas",-0.0962450004840456,0.301280272977328,-0.319453376528533,0.750029756510797,0.857176864583768,FALSE,TRUE,FALSE
"Acinetobacter",-0.048756447075596,0.192034760001262,-0.253893863148919,0.802046889851745,0.906661701571537,FALSE,TRUE,FALSE
"Actinobacillus",-0.0586488818079185,0.265204702613991,-0.221145708314542,0.826301745156038,0.924036360174495,FALSE,TRUE,FALSE
"Peptococcus",0.0423219410318172,0.208272056367293,0.20320508555013,0.840004933316882,0.924141164932564,FALSE,TRUE,FALSE
"Fusobacterium",0.0621541651094532,0.315468134323803,0.197022007445154,0.844167410274938,0.924141164932564,FALSE,TRUE,FALSE
"Leptotrichia",-0.0661080143831743,0.380663261078675,-0.173665339270845,0.862462846935615,0.934334750846917,FALSE,TRUE,FALSE
"Olsenella",-0.0271664642012507,0.197399130609983,-0.137622005311288,0.891401479573043,0.94597708036323,FALSE,TRUE,FALSE
"Unknown",-0.0499625131018352,0.338311232887632,-0.147682099336116,0.88284359433601,0.94597708036323,FALSE,TRUE,FALSE
"Atopobium",0.0310487435300613,0.306964730207261,0.101147592784022,0.919609437396217,0.959420376763879,FALSE,TRUE,FALSE
"[Eubacterium] nodatum group",-0.0267446187922105,0.274144655344117,-0.0975565938305077,0.922519593042192,0.959420376763879,FALSE,TRUE,FALSE
"Porphyromonas",0.0264604336073434,0.374304915167578,0.0706921884675144,0.943789794725983,0.962295476975512,FALSE,TRUE,FALSE
"Streptococcus",-0.0183781710349327,0.247743064456838,-0.0741823835723747,0.940989817594569,0.962295476975512,FALSE,TRUE,FALSE
"Cutibacterium",0.00349397876621064,0.248045328607906,0.0140860494564431,0.988813244787411,0.988813244787411,FALSE,TRUE,FALSE
"Oribacterium",0.00518771970101362,0.313532178397957,0.0165460519156952,0.986828736785125,0.988813244787411,FALSE,TRUE,FALSE
